Score,1-factor,2-factor,n-factor
Feature,16.66666667,20.37037037,33.33333333
Performance,64.13423644,64.13423644,64.20709491
