Score,1-factor,2-factor,n-factor
Feature,11.11111111,18.51851852,33.33333333
Simulation,64.13423644,64.13423644,64.20709491
