Score,1-factor,2-factor,n-factor
Feature,16.66666667,20.37037037,33.33333333
Simulation,25.58683157,30.94097217,52.17119822
