Score,1-factor,2-factor,n-factor
Feature,16.66666667,20.37037037,33.33333333
Simulation,36.71285098,36.71285098,63.3486085
